{
    "properties": {
        "_id": {
            "bsonType": "objectId"
        },
        "aircraftType": {
            "bsonType": "string"
        },
        "callsign": {
            "bsonType": "string"
        },
        "characteristic": {
            "bsonType": "string"
        },
        "homebase": {
            "bsonType": "string"
        },
        "modeS": {
            "bsonType": "string"
        },
        "notes": {
            "bsonType": "string"
        },
        "registration": {
            "bsonType": "string"
        }
    },
    "title": "Fleet"
}
