{
    "properties": {
        "_id": {
            "bsonType": "objectId"
        },
        "aircraftType": {
            "bsonType": "string"
        },
        "altitude": {
            "bsonType": "array",
            "items": {
                "bsonType": "double"
            }
        },
        "callsign": {
            "bsonType": "string"
        },
        "characteristic": {
            "bsonType": "string"
        },
        "created": {
            "bsonType": "date"
        },
        "flightPath": {
            "bsonType": "object",
            "properties": {
                "coordinates": {
                    "bsonType": "array",
                    "items": {
                        "bsonType": "array",
                        "items": {
                            "bsonType": "double"
                        }
                    }
                },
                "type": {
                    "bsonType": "string"
                }
            }
        },
        "lastPoint": {
            "bsonType": "date"
        },
        "modeS": {
            "bsonType": "string"
        },
        "registration": {
            "bsonType": "string"
        },
        "status": {
            "bsonType": "string"
        },
        "timings": {
            "bsonType": "array",
            "items": {
                "bsonType": "date"
            }
        }
    },
    "title": "Flight"
}
